No,年代,好み
1,10代,いくら
2,50代,うに
3,50代,うに
4,10代,いくら
5,50代,うに
6,10代,いくら
7,10代,いくら
8,10代,うに
9,10代,うに
10,10代,うに
11,50代,うに
12,10代,いくら
13,50代,うに
14,50代,うに
15,10代,いくら
16,10代,いくら
17,10代,うに
18,50代,いくら
19,10代,いくら
20,50代,うに
21,50代,うに
22,50代,うに
23,50代,うに
24,50代,うに
25,10代,いくら
26,10代,いくら
27,10代,うに
28,10代,いくら
29,50代,いくら
30,50代,うに
31,10代,うに
32,50代,うに
33,50代,うに
34,10代,いくら
35,50代,うに
36,10代,うに
37,50代,いくら
38,10代,うに
39,10代,いくら
40,10代,いくら
41,50代,いくら
42,10代,いくら
43,50代,うに
44,50代,いくら
45,50代,うに
46,50代,うに
47,10代,うに
48,50代,いくら
49,50代,うに
50,10代,うに